"ABC_1470","Perkin Oxtaby","01/01/1995","3 Nelson Junction","QA"
"HUS2020_79","Giana Dibner","09/01/1995","33 Arrowood Street","SYSTEM"
"HUS2020_760","Jedediah Looker","10/01/1995","517 Forest Dale Road","QA"
"HUS2020_592","Traci Hanselmann","13/01/1995","135 Ridgeview Plaza","QA"
"HUS2020_746","Birk Booy","13/01/1995","64 Stoughton Hill","MOBILE"
"HUS2020_447","Luciano Yarrall","15/01/1995","151 Vidon Terrace","ADMIN"
"ABC_1794","Engelbert O'Kane","19/01/1995","03395 Burrows Park","MOBILE"
"VN2020_111","Lenee MacGebenay","24/01/1995","97 Pleasure Trail","MOBILE"
"VN2020_598","Lamont Pargeter","30/01/1995","0425 Park Meadow Way","WEB"
"ABC_1513","Marco Wollen","01/02/1995","3568 Jay Junction","QA"
"ABC_1571","Dasha Topaz","01/02/1995","5 Anthes Trail","SYSTEM"
"ABC2020_845","Raul Hessay","05/02/1995","242 Farragut Way","SYSTEM"
"HUS2020_480","Gwyn Lamba","07/02/1995","13046 Troy Center","QA"
"ABC2020_386","Clerkclaude Rutley","08/02/1995","979 Mallory Plaza","MOBILE"
"ABC2020_774","Gianni Storrie","10/02/1995","7 Briar Crest Junction","QA"
"ABC_1164","Vernon Starbucke","12/02/1995","88 Golf Trail","MOBILE"
"ABC_1597","Nelie Browning","12/02/1995","212 6th Center","QA"
"ABC2020_409","Dacey Kenningham","13/02/1995","4 Namekagon Parkway","WEB"
"ABC2020_137","Eudora Powling","14/02/1995","8937 Graceland Hill","QA"
"VN2020_531","Gal Willwood","15/02/1995","338 Welch Crossing","QA"
"ABC2020_184","Donnajean Ropcke","17/02/1995","327 Orin Way","MOBILE"
"ABC2020_739","Blakeley Championnet","18/02/1995","14 Almo Drive","WEB"
"HUS2020_53","Prudi Hamon","20/02/1995","621 Golf Place","MOBILE"
"HUS2020_512","Ida Tallach","24/02/1995","509 Shopko Way","QA"
"HUS2020_515","Carson Peaple","24/02/1995","9 American Court","SYSTEM"
"ABC_352","Carlynne Rivard","25/02/1995","8 Delaware Plaza","MOBILE"
"HUS2020_143","My Balazot","27/02/1995","03 Mayer Place","MOBILE"
"HUS2020_23","Olympia Clemmow","02/03/1995","0421 Esch Plaza","QA"
"ABC2020_474","Rees Krink","03/03/1995","18448 Debs Park","QA"
"ABC_1031","Lurlene Eudall","04/03/1995","58 Farmco Pass","SYSTEM"
"ABC_1754","Revkah Bateup","04/03/1995","28 Pierstorff Junction","WEB"
"ABC2020_252","Andria McCaighey","04/03/1995","2 Mesta Terrace","MOBILE"
"HUS2020_602","Branden Dumbelton","05/03/1995","111 Boyd Park","QA"
"ABC_1546","Kial Smethurst","08/03/1995","2 Myrtle Parkway","WEB"
"ABC_1152","Dell Caldroni","10/03/1995","843 Lakewood Park","QA"
"HUS2020_633","Hamel Brommage","11/03/1995","197 Badeau Point","SYSTEM"
"ABC_1542","Son Lutty","12/03/1995","59 Bowman Junction","WEB"
"ABC_809","Shari West","13/03/1995","2987 Pankratz Drive","QA"
"HUS2020_108","Munmro Hardy-Piggin","13/03/1995","9 Memorial Pass","QA"
"HUS2020_214","Rolph Veryan","13/03/1995","466 Jay Point","WEB"
"VN2020_339","Lauryn Fayre","13/03/1995","27 East Center","SYSTEM"
"ABC_1901","Robin Thomesson","17/03/1995","13517 Bayside Junction","WEB"
"HUS2020_187","Sara Hryniewicki","17/03/1995","2660 Clemons Parkway","WEB"
"ABC_1492","Zelma Allabarton","19/03/1995","7166 Lukken Road","QA"
"HUS2020_663","Shalne Gregoli","19/03/1995","676 Tony Park","QA"
"ABC2020_872","Lenna Blaine","20/03/1995","3032 Prairieview Center","WEB"
"ABC_343","Leticia Quest","22/03/1995","62301 Hansons Trail","QA"
"ABC2020_458","Karen Teodorski","23/03/1995","74 Spaight Park","ADMIN"
"ABC2020_489","Alida Clilverd","23/03/1995","695 Declaration Center","WEB"
"ABC2020_670","Idette Breede","25/03/1995","58 Laurel Junction","WEB"
"ABC_1424","Linet Stump","27/03/1995","401 Sauthoff Park","ADMIN"
"ABC2020_182","Brennan Blunden","27/03/1995","25 Sheridan Hill","WEB"
"ABC2020_127","Hercules Tunnicliffe","28/03/1995","6 Service Hill","WEB"
"ABC_569","Elsy Paten","30/03/1995","40067 Linden Pass","ADMIN"
"ABC2020_454","Oralee Bemwell","03/04/1995","0994 Moulton Trail","QA"
"HUS2020_231","Wally Kayne","04/04/1995","7465 Goodland Trail","QA"
"ABC_752","Marylinda Acey","05/04/1995","1116 Grasskamp Road","QA"
"ABC_1610","Bernetta Muscat","05/04/1995","12915 Comanche Alley","WEB"
"VN2020_579","Maxim Duffrie","11/04/1995","2164 Red Cloud Circle","QA"
"ABC_1801","Julius Bolino","13/04/1995","7179 Westport Road","MOBILE"
"ABC2020_315","Heall Thying","13/04/1995","79 Red Cloud Center","WEB"
"HUS2020_357","Kenny Heilds","13/04/1995","5 Tennyson Junction","MOBILE"
"ABC_1651","Jehanna Hattrick","15/04/1995","6 Susan Circle","SYSTEM"
"VN2020_619","Hildegarde Chainey","16/04/1995","66 Sugar Park","MOBILE"
"HUS2020_969","Lanie Hamberston","17/04/1995","37 Anzinger Alley","SYSTEM"
"VN2020_324","Fraser Carss","18/04/1995","06193 Sunfield Pass","MOBILE"
"VN2020_129","Doreen Nutbeem","19/04/1995","5079 Mcguire Center","WEB"
"ABC_336","Gerick O'Cosgra","20/04/1995","8005 Mitchell Park","WEB"
"VN2020_443","Farrand St Leger","23/04/1995","98421 Leroy Plaza","WEB"
"ABC_1696","Mariann O' Molan","24/04/1995","73800 Laurel Circle","QA"
"HUS2020_296","Winne Anear","25/04/1995","00 Bonner Terrace","SYSTEM"
"HUS2020_571","Jacklyn Creggan","25/04/1995","494 Mcbride Avenue","MOBILE"
"HUS2020_838","Rici Kimpton","25/04/1995","95636 Longview Plaza","QA"
"ABC2020_682","Winnie Rookledge","26/04/1995","82 Lakewood Gardens Court","MOBILE"
"VN2020_444","Gusty Thow","26/04/1995","1192 Towne Way","QA"
"ABC_802","Henka Bodle","28/04/1995","911 Hanover Avenue","SYSTEM"
"HUS2020_502","Elsworth Tarbet","28/04/1995","25307 Bowman Road","ADMIN"
"ABC_1093","Leonie Vollam","30/04/1995","8 Walton Road","WEB"
"ABC_1678","Elane Bleything","01/05/1995","6299 Grim Crossing","WEB"
"ABC2020_387","Harley Gross","01/05/1995","29 Amoth Drive","ADMIN"
"VN2020_528","Iolanthe Iohananof","01/05/1995","0550 Almo Trail","SYSTEM"
"ABC_664","Timmie Shotboult","06/05/1995","28183 Barby Plaza","MOBILE"
"ABC_780","Mattheus Folan","08/05/1995","8 Northview Drive","WEB"
"ABC_1680","Lek Rathmell","14/05/1995","3 Dovetail Road","ADMIN"
"VN2020_212","Georgine Senett","14/05/1995","429 Dapin Drive","SYSTEM"
"HUS2020_290","Audry Leedes","16/05/1995","99177 Sage Lane","QA"
"HUS2020_324","Anita Sparshott","16/05/1995","99848 Sage Hill","SYSTEM"
"ABC_284","Gates Willatt","17/05/1995","929 Comanche Lane","SYSTEM"
"HUS2020_623","Kati Blakeslee","18/05/1995","64078 Swallow Place","WEB"
"ABC_709","Yves Foxon","23/05/1995","45 Fulton Avenue","MOBILE"
"ABC_1732","Emory Stelli","24/05/1995","597 Dorton Drive","MOBILE"
"ABC_883","Barris Edmead","25/05/1995","0083 Union Road","WEB"
"ABC_1143","Glynda Graysmark","26/05/1995","5599 Esker Road","WEB"
"ABC_504","Tove Courtman","28/05/1995","52571 Fulton Park","ADMIN"
"HUS2020_104","Trudy Fulks","28/05/1995","26308 Everett Court","WEB"
"ABC_770","Brandy Gittins","30/05/1995","6607 Magdeline Way","QA"
"VN2020_840","Bobbie Gabbett","02/06/1995","464 Lerdahl Point","MOBILE"
"VN2020_191","Chase Meenehan","03/06/1995","1 Bellgrove Place","ADMIN"
"VN2020_816","Rockwell Benet","03/06/1995","1 Ridge Oak Park","SYSTEM"
"VN2020_211","Lani Pinfold","04/06/1995","743 Eggendart Trail","SYSTEM"
"ABC_306","Aurelie Vaune","05/06/1995","4458 Del Mar Road","WEB"
"HUS2020_585","Cherie Hartright","05/06/1995","8854 Eliot Way","WEB"
"ABC_182","Laughton Blakeslee","07/06/1995","56 Ohio Alley","WEB"
"VN2020_681","Niles Scamadine","08/06/1995","57123 Shoshone Court","WEB"
"ABC_951","Trev Everix","17/06/1995","65 West Street","WEB"
"VN2020_32","Clay Kemmet","18/06/1995","308 Loomis Crossing","QA"
"ABC2020_283","Nicolai Tumpane","19/06/1995","539 Corry Road","QA"
"ABC_1592","Shae Andreev","21/06/1995","371 Valley Edge Court","ADMIN"
"VN2020_786","Kayla Schankel","23/06/1995","31548 Maryland Drive","WEB"
"VN2020_218","Megan Melendez","24/06/1995","76 Little Fleur Crossing","QA"
"VN2020_40","Vincents Pietersen","25/06/1995","0 Summerview Pass","MOBILE"
"VN2020_441","Laureen Quilty","25/06/1995","5110 Corry Terrace","QA"
"HUS2020_305","Phelia Nulty","30/06/1995","1240 Del Mar Hill","WEB"
"VN2020_284","Elaina Turton","01/07/1995","91270 Spenser Way","WEB"
"ABC_1138","Brynne Duer","02/07/1995","472 Victoria Court","WEB"
"ABC_1776","Sebastian Beldan","03/07/1995","0 Manufacturers Lane","SYSTEM"
"ABC_1281","Sumner Pinar","04/07/1995","12 Bashford Parkway","WEB"
"ABC2020_950","Talia Kemmons","05/07/1995","86103 Village Green Lane","WEB"
"ABC_115","Euphemia Habbergham","06/07/1995","218 Harper Point","QA"
"ABC_1351","Lianna Rintoul","06/07/1995","720 Parkside Crossing","WEB"
"VN2020_720","Emory Espadater","06/07/1995","7 Basil Pass","WEB"
"ABC2020_70","Evelyn Brimfield","09/07/1995","84 Glacier Hill Drive","QA"
"HUS2020_281","Kat Capnerhurst","09/07/1995","121 Gulseth Drive","ADMIN"
"VN2020_287","Kathryn Toolin","10/07/1995","188 Ronald Regan Point","SYSTEM"
"VN2020_680","Boyce Fateley","10/07/1995","293 Sauthoff Crossing","QA"
"ABC2020_87","Dorette Stainfield","11/07/1995","54 7th Alley","MOBILE"
"VN2020_967","Jacquelin Salway","12/07/1995","6043 Roxbury Park","WEB"
"ABC_1068","Cori Pitway","14/07/1995","809 Maple Wood Court","MOBILE"
"ABC2020_497","Averell Duff","14/07/1995","78478 Moose Drive","WEB"
"ABC_1918","Holli Matkin","15/07/1995","5 Jenna Plaza","WEB"
"ABC2020_430","Margareta Edmonds","16/07/1995","2 Golden Leaf Center","WEB"
"ABC_1460","Dinah Blackaller","17/07/1995","1 Packers Parkway","ADMIN"
"ABC_647","De Rudeyeard","18/07/1995","666 Morningstar Terrace","SYSTEM"
"ABC_1982","Ardine Georgins","18/07/1995","4 Emmet Junction","ADMIN"
"HUS2020_841","Skylar Leblanc","21/07/1995","8534 Ohio Parkway","WEB"
"ABC_493","Imojean Bisley","22/07/1995","73 Graedel Circle","MOBILE"
"ABC_1267","Emlyn Lindblom","22/07/1995","49176 Hagan Court","SYSTEM"
"VN2020_411","Ardeen Cuttelar","23/07/1995","3667 International Court","MOBILE"
"VN2020_13","Philis Isakovitch","24/07/1995","57650 Golf Pass","SYSTEM"
"VN2020_559","Jacob Tschirschky","24/07/1995","868 Forster Street","SYSTEM"
"ABC2020_109","Luisa Tolfrey","26/07/1995","6 Thompson Lane","WEB"
"ABC_763","Dewain Probate","28/07/1995","71873 Oakridge Drive","SYSTEM"
"VN2020_276","Koren McLucky","28/07/1995","1 Rockefeller Lane","WEB"
"VN2020_543","Ossie Rassmann","29/07/1995","46 Comanche Junction","SYSTEM"
"HUS2020_181","Umberto Gaudon","30/07/1995","4 Bartillon Point","MOBILE"
"VN2020_186","Thornton Gwinnel","05/08/1995","81 Carpenter Lane","QA"
"ABC_1760","Bert Dunckley","06/08/1995","30 Charing Cross Road","WEB"
"ABC_1814","Katie Goudard","06/08/1995","9 Holmberg Trail","WEB"
"ABC_1876","Timmy Ryman","06/08/1995","97944 Utah Street","WEB"
"ABC_1942","Caprice Dell Casa","06/08/1995","8 Upham Park","MOBILE"
"HUS2020_59","Pen Okroy","06/08/1995","04 Transport Lane","WEB"
"ABC2020_651","Mirelle Verner","07/08/1995","64277 Mifflin Hill","SYSTEM"
"HUS2020_834","Adria McKeurtan","09/08/1995","9493 Cambridge Court","QA"
"ABC_814","Hilton Levay","10/08/1995","003 Hanson Plaza","ADMIN"
"ABC2020_522","Athena Farquharson","12/08/1995","30689 Mallard Terrace","QA"
"VN2020_847","Neila Denley","12/08/1995","01283 Lillian Drive","SYSTEM"
"VN2020_941","Millard Tynemouth","13/08/1995","39 Prairieview Terrace","WEB"
"ABC_691","Lucais Campbell-Dunlop","14/08/1995","0957 Welch Junction","MOBILE"
"VN2020_245","Margarita Batcheldor","15/08/1995","0014 Caliangt Avenue","SYSTEM"
"HUS2020_625","Lonnie Yell","17/08/1995","28542 Nelson Place","SYSTEM"
"VN2020_716","Cyrillus Allsopp","17/08/1995","3 Monica Way","QA"
"ABC2020_762","Gordan Clery","18/08/1995","0630 Pawling Pass","MOBILE"
"ABC_696","Phip Coronas","20/08/1995","55992 Mcbride Trail","MOBILE"
"ABC_1271","Norry Stephens","20/08/1995","91 Carberry Circle","WEB"
"ABC_1589","Myra Zoren","21/08/1995","265 Miller Junction","MOBILE"
"VN2020_144","Gianina Sheldon","22/08/1995","83966 Esker Circle","WEB"
"ABC_845","Emanuele Whatling","23/08/1995","33 Sloan Parkway","SYSTEM"
"ABC_29","Katherine Joannet","25/08/1995","97 5th Center","SYSTEM"
"ABC_1859","Anabal Wong","25/08/1995","97 Portage Parkway","MOBILE"
"ABC2020_574","Drusi Bartkiewicz","27/08/1995","7079 Bellgrove Drive","WEB"
"HUS2020_152","Valentine Bridgland","27/08/1995","3 Bellgrove Terrace","WEB"
"ABC_36","Daisey Malloch","31/08/1995","2223 David Street","SYSTEM"
"ABC_909","Lewie Tattam","31/08/1995","73659 Macpherson Drive","WEB"
"ABC_1689","Abramo Easton","31/08/1995","321 Sloan Lane","MOBILE"
"VN2020_251","Janelle Bazek","01/09/1995","43389 Superior Park","QA"
"ABC_140","Lew Miliffe","03/09/1995","2 Hoffman Crossing","MOBILE"
"HUS2020_987","Janessa Bradtke","03/09/1995","95793 Farragut Trail","WEB"
"ABC_1845","Barbra Grewer","04/09/1995","501 Welch Circle","QA"
"ABC2020_480","Kalinda Dani","07/09/1995","4 Southridge Pass","WEB"
"ABC_547","Clovis Saffell","08/09/1995","1272 Shopko Crossing","WEB"
"ABC_320","Mattie Gadeaux","10/09/1995","0185 Park Meadow Junction","WEB"
"ABC2020_426","Bamby Fielden","11/09/1995","45616 Melody Court","QA"
"ABC_345","Teador Brazer","12/09/1995","66 Corscot Pass","QA"
"ABC_1385","Jane O'Shavlan","12/09/1995","6861 Hauk Terrace","MOBILE"
"ABC_818","Calypso Physick","13/09/1995","49242 Anthes Way","MOBILE"
"VN2020_721","Tiff Blissett","15/09/1995","56343 Spenser Hill","ADMIN"
"ABC_1927","Willa Ilchuk","17/09/1995","79462 Dovetail Circle","WEB"
"ABC2020_332","Vinni Darnell","17/09/1995","0622 Lunder Trail","QA"
"ABC_760","Irvin Congrave","18/09/1995","340 Sachtjen Junction","WEB"
"ABC2020_633","Sybilla Bisterfeld","19/09/1995","2 Meadow Ridge Avenue","WEB"
"VN2020_185","Heywood Purbrick","19/09/1995","8340 Weeping Birch Alley","QA"
"ABC_677","Angelico Galiero","20/09/1995","23108 Brown Street","MOBILE"
"ABC_7","Mar Cocksedge","21/09/1995","5 Dunning Circle","WEB"
"VN2020_709","Jabez Mapis","21/09/1995","1 Eagan Way","MOBILE"
"ABC_579","Eryn Kennsley","24/09/1995","17527 Stoughton Alley","QA"
"ABC_326","Corrianne Clearie","28/09/1995","7 Bluejay Road","WEB"
"ABC_942","Dannye Dreghorn","29/09/1995","08 Roth Place","SYSTEM"
"ABC_1799","Ursuline Moors","02/10/1995","905 Rowland Alley","MOBILE"
"ABC_1248","Alvin Vassay","04/10/1995","66724 4th Avenue","ADMIN"
"ABC_532","Pierson Redmond","05/10/1995","0452 Bartillon Park","SYSTEM"
"ABC_353","Pollyanna Coleborn","07/10/1995","153 Dottie Alley","WEB"
"HUS2020_193","Sela Donn","08/10/1995","450 Sherman Park","MOBILE"
"HUS2020_283","Ursuline Keane","08/10/1995","00620 Fairview Alley","MOBILE"
"ABC_388","Rosemarie Colquite","10/10/1995","1 Glacier Hill Avenue","WEB"
"ABC_1981","Phedra Bumpass","10/10/1995","46414 New Castle Plaza","WEB"
"ABC2020_491","Jozef Huggett","10/10/1995","8378 Hoepker Plaza","MOBILE"
"HUS2020_742","Casar Mauser","15/10/1995","2239 Veith Alley","ADMIN"
"ABC_1400","Rochell Ledekker","16/10/1995","85 Bartelt Junction","SYSTEM"
"ABC_828","Nikkie McAw","22/10/1995","214 Hooker Pass","MOBILE"
"HUS2020_851","Lurlene MacAnellye","23/10/1995","24 Swallow Street","QA"
"HUS2020_206","Benoite Litherborough","24/10/1995","16765 Bunker Hill Junction","WEB"
"ABC_1805","Martin Castana","25/10/1995","6244 Longview Center","WEB"
"ABC2020_353","Andris Tadlow","26/10/1995","850 Meadow Valley Trail","MOBILE"
"ABC_111","Idell Huygens","27/10/1995","6498 Daystar Center","SYSTEM"
"ABC_1047","Kevina Bonelle","29/10/1995","91 Eliot Road","WEB"
"HUS2020_708","Hailey Bryden","30/10/1995","209 Hoffman Way","SYSTEM"
"VN2020_203","Kalina Dory","30/10/1995","209 Continental Parkway","QA"
"ABC_412","Sigrid Waterstone","01/11/1995","1 Chive Avenue","QA"
"VN2020_642","Augustina Drivers","01/11/1995","62 Luster Parkway","SYSTEM"
"ABC2020_299","Olimpia Gilcrist","03/11/1995","150 Blackbird Center","MOBILE"
"VN2020_296","Lizabeth Seeds","06/11/1995","08 Almo Crossing","SYSTEM"
"VN2020_8","Freddie Sweynson","07/11/1995","2478 Westerfield Court","WEB"
"VN2020_889","Berty Gawen","07/11/1995","6 Linden Parkway","WEB"
"ABC_1798","Roley Castagna","08/11/1995","22452 Ridgeway Crossing","MOBILE"
"VN2020_317","Filia Misken","08/11/1995","7 Ryan Circle","WEB"
"ABC_1070","Pearl Boyse","10/11/1995","9148 Lillian Drive","ADMIN"
"HUS2020_598","Lawry Mosconi","12/11/1995","111 Anniversary Park","QA"
"HUS2020_363","Kaitlyn Erlam","14/11/1995","3 Fair Oaks Terrace","QA"
"ABC_1688","Somerset Trunchion","16/11/1995","7494 Dovetail Pass","MOBILE"
"HUS2020_492","Eva Lehr","16/11/1995","86000 High Crossing Circle","WEB"
"ABC2020_496","Matthiew Aneley","17/11/1995","93 Westport Terrace","QA"
"HUS2020_613","Janeczka Rickards","18/11/1995","6 Hollow Ridge Plaza","MOBILE"
"ABC_72","Fanny Gathercole","27/11/1995","521 Michigan Street","QA"
"ABC_848","Harlene Cowoppe","27/11/1995","978 Amoth Court","WEB"
"ABC_722","Row Howels","01/12/1995","48860 Scoville Point","WEB"
"ABC_865","Sherlocke Ridesdale","04/12/1995","866 American Ash Court","SYSTEM"
"ABC_1358","Jayme Leggon","04/12/1995","6678 Loeprich Pass","WEB"
"HUS2020_989","Amie Kisbee","08/12/1995","30 Debs Junction","WEB"
"ABC_1537","Normand Barthelme","09/12/1995","74 American Pass","SYSTEM"
"ABC_423","Dasha Elph","10/12/1995","9934 Waywood Drive","ADMIN"
"ABC_1848","Ansell Prium","10/12/1995","25580 Hauk Trail","MOBILE"
"ABC_1866","Alonzo Cleife","10/12/1995","67051 Troy Parkway","MOBILE"
"ABC_1702","Kori Lempertz","13/12/1995","902 Hooker Trail","QA"
"ABC_55","Hilliard Mortel","15/12/1995","61238 Johnson Pass","WEB"
"HUS2020_269","Alison Tatnell","15/12/1995","40 Moose Hill","MOBILE"
"ABC_1575","Thorpe Chewter","16/12/1995","959 Bunting Pass","QA"
"ABC_1800","Witty Rosser","16/12/1995","19 Nevada Drive","WEB"
"ABC2020_928","Rona Edgcumbe","16/12/1995","15051 Schurz Circle","SYSTEM"
"ABC_755","Arny Degenhardt","18/12/1995","1830 Dovetail Trail","WEB"
"ABC_1581","Jobie Khomin","19/12/1995","8 Amoth Drive","WEB"
"HUS2020_807","Kiel Craigmyle","20/12/1995","64737 Hoffman Lane","WEB"
"ABC_375","Valentina Mozzini","23/12/1995","852 Chinook Street","WEB"
"ABC_1707","Lenard McCullagh","23/12/1995","28307 Jenifer Plaza","MOBILE"
"ABC_1700","Granger Pirdue","26/12/1995","957 Bartelt Drive","MOBILE"
"HUS2020_434","Solomon Graben","28/12/1995","5 Sullivan Hill","QA"
"ABC_410","Lawton Ubank","29/12/1995","9362 Ridgeway Alley","QA"
"ABC2020_251","Emylee Dennidge","29/12/1995","37998 Aberg Crossing","WEB"
"ABC2020_374","Cassondra Heiner","29/12/1995","705 Village Road","ADMIN"
"ABC_459","Jennica Gilogly","30/12/1995","6674 Mesta Court","MOBILE"
"ABC2020_423","Norean Withey","31/12/1995","5 Eagan Hill","QA"
